{
    "loss": 9.456267356872559,
    "accuracy": 0.4651162922382355
}